{"val_f1":0.4857589848189983,"_runtime":2988,"_timestamp":1.769270421508049e+09,"_wandb":{"runtime":2988},"train_acc":91.54003570340053,"best_val_loss":1.3621650765339532,"train_loss":0.2616802066626821,"epoch":41,"_step":40,"train_f1":0.9152973356712165,"val_acc":47.68373389063044,"patience_counter":15,"val_loss":2.252251066433059}