{"_wandb":{"runtime":3284},"val_loss":2.0956960207886164,"_runtime":3284,"val_f1":0.4789416011408081,"train_acc":84.50385335481343,"best_val_loss":1.3725794470972486,"patience_counter":15,"epoch":45,"val_acc":49.529780564263326,"_timestamp":1.769264581964001e+09,"_step":44,"train_f1":0.8447407750598104,"train_loss":0.438867028397936}