{"_runtime":4502,"train_f1":0.12895328617339022,"patience_counter":0,"train_acc":25.784821700701006,"train_loss":1.7785902949760883,"best_val_loss":1.7759546253416274,"_wandb":{"runtime":4502},"val_loss":1.7759546253416274,"epoch":60,"_step":59,"val_f1":0.11782059371328861,"_timestamp":1.7688781668290217e+09,"val_acc":25.252525252525253}