{"train_acc":59.10654417207297,"val_f1":0.47118167406907213,"val_loss":1.4026451971795824,"epoch":57,"train_loss":1.1076441427127233,"train_f1":0.5842288319273875,"_timestamp":1.7694828816058972e+09,"_step":56,"_wandb":{"runtime":4099},"best_val_loss":1.3833747771051195,"_runtime":4099,"val_acc":48.31069313827935,"patience_counter":8}