{"epoch":47,"_runtime":3479,"_step":46,"_timestamp":1.7691778706113033e+09,"train_loss":0.7684785324799981,"val_loss":1.6599422772725423,"patience_counter":15,"best_val_loss":1.3734961943493948,"_wandb":{"runtime":3479},"train_acc":71.65062916358254,"val_acc":46.44723092998955,"val_f1":0.46839249797744037,"train_f1":0.7144130634192025}