{"train_f1":0.8090181883999673,"val_loss":1.8169058005015055,"_wandb":{"runtime":3294},"train_acc":80.96399181434232,"_step":44,"epoch":45,"best_val_loss":1.3380017343494628,"_runtime":3294,"val_f1":0.4819111474648823,"train_loss":0.5356852213610845,"patience_counter":15,"val_acc":49.89550679205852,"_timestamp":1.7692544347909596e+09}