{"val_acc":48.153953326367116,"train_f1":0.6437436446308739,"_step":41,"_runtime":3061,"train_acc":64.77990159794487,"val_loss":1.4605371369255913,"_timestamp":1.7694787790768466e+09,"train_loss":0.9598101273718651,"patience_counter":8,"epoch":42,"best_val_loss":1.3705760637919109,"val_f1":0.46777878446982996,"_wandb":{"runtime":3061}}