{"_timestamp":1.7688878121190355e+09,"_wandb":{"runtime":4504},"train_f1":0.604981859642039,"val_f1":0.46426250262520313,"val_loss":1.4460599528418647,"patience_counter":8,"_step":59,"train_acc":61.065877128053295,"val_acc":46.53430860327412,"_runtime":4504,"epoch":60,"train_loss":1.0646265967642696,"best_val_loss":1.3979229980044894}