{"train_acc":72.09909870684025,"best_val_loss":1.4378313197029962,"val_loss":1.6729039827982584,"_wandb":{"runtime":2774},"val_f1":0.4650558730636196,"val_acc":47.823058167885755,"train_f1":0.7192188698510542,"patience_counter":15,"_step":37,"_timestamp":1.7692673944649923e+09,"_runtime":2774,"epoch":38,"train_loss":0.7747871852933862}