{"best_val_loss":1.2944473995102777,"val_f1":0.5003376788540439,"train_f1":0.793020692308337,"_step":14,"patience_counter":8,"_wandb":{"runtime":1147},"val_acc":51.23650296064089,"_timestamp":1.7688900719133022e+09,"train_acc":79.35733879043846,"val_loss":1.918234435054991,"train_loss":0.5634939520720984,"epoch":15,"_runtime":1147}