{"_wandb":{"runtime":4319},"_step":59,"val_acc":25.33960292580982,"best_val_loss":1.7900075303183662,"train_loss":1.7948894965615445,"epoch":60,"train_acc":25.53228545304132,"patience_counter":0,"train_f1":0.11414193635628844,"_runtime":4319,"_timestamp":1.769473763769959e+09,"val_loss":1.7900075303183662,"val_f1":0.11167374723098576}