{"val_loss":1.6317418618334665,"train_acc":72.0424957547786,"_step":37,"val_acc":46.603970741901776,"best_val_loss":1.3735711733500162,"_runtime":2797,"train_loss":0.7759973737605766,"train_f1":0.7186856543676607,"val_f1":0.4641501060013014,"patience_counter":15,"epoch":38,"_timestamp":1.7691743529050193e+09,"_wandb":{"runtime":2797}}