{"_wandb":{"runtime":4477},"val_f1":0.48568522290860217,"_step":59,"_timestamp":1.7696139510819635e+09,"val_acc":50.26123301985371,"best_val_loss":Infinity,"_runtime":4477,"train_acc":50.829450951365004,"train_f1":0.49325996412201895,"patience_counter":0,"val_loss":1.300941722922855,"epoch":60,"train_loss":1.2923076693228028}