{"patience_counter":8,"_wandb":{"runtime":1948},"_runtime":1948,"train_acc":71.637566943876,"val_f1":0.4986427403452695,"best_val_loss":1.3570158353755069,"_timestamp":1.7694757146297014e+09,"train_loss":0.7733187218375691,"epoch":26,"val_acc":50.52246603970742,"val_loss":1.5053353273934973,"_step":25,"train_f1":0.7145297414365686}