{"val_acc":45.10623476140717,"_wandb":{"runtime":2662},"_step":52,"best_val_loss":1.4209097550974952,"train_f1":0.7816537707167891,"_timestamp":1.768858500820151e+09,"_runtime":2662,"val_f1":0.44793340507946655,"train_loss":0.6065472660581049,"patience_counter":20,"val_loss":2.028928624259101,"train_acc":78.25575826185397,"epoch":53}