{"_runtime":4102,"val_f1":0.47400720555524106,"_step":54,"epoch":55,"_wandb":{"runtime":4102},"val_loss":2.1923601428667703,"train_acc":87.5908912787913,"_timestamp":1.769215056422038e+09,"train_f1":0.8756823788651297,"val_acc":47.02194357366771,"patience_counter":15,"best_val_loss":1.3811721904410257,"train_loss":0.34991092784823147}