{"val_loss":1.6929236912065082,"val_f1":0.47204913549057415,"best_val_loss":1.3750925259457694,"_runtime":5015,"val_acc":49.23371647509578,"train_loss":0.6848005470210131,"epoch":47,"_timestamp":1.768932740236137e+09,"_step":46,"train_f1":0.7518545942669963,"patience_counter":20,"train_acc":75.31675882788349,"_wandb":{"runtime":5015}}