{"_step":50,"train_loss":0.7800220382246799,"patience_counter":15,"train_acc":71.76818914094135,"_timestamp":1.769261258798513e+09,"_wandb":{"runtime":3724},"best_val_loss":1.352819682823287,"epoch":51,"val_loss":1.5183125850227144,"val_acc":49.21630094043887,"train_f1":0.7157442022903232,"val_f1":0.4873028459750963,"_runtime":3724}