{"train_acc":81.8783471937998,"_wandb":{"runtime":4332},"_runtime":4332,"val_f1":0.4692367902321383,"_timestamp":1.7688642834672194e+09,"val_loss":2.036322231425179,"best_val_loss":1.3838940603865517,"train_loss":0.5128574925254314,"epoch":54,"train_f1":0.8181823626138728,"_step":53,"val_acc":45.95959595959596,"patience_counter":20}