{"val_f1":0.507494024777857,"train_f1":0.7977703476670243,"_wandb":{"runtime":1370},"_runtime":1370,"_timestamp":1.7694863278442457e+09,"train_acc":79.83628684634476,"best_val_loss":1.2634361214107936,"val_acc":51.044932079414835,"epoch":19,"val_loss":1.8460162811809115,"patience_counter":8,"_step":18,"train_loss":0.5519701295576388}