{"_runtime":2910,"val_f1":0.471404644955928,"patience_counter":8,"_wandb":{"runtime":2910},"train_acc":67.40976183219402,"best_val_loss":1.395514299472173,"_timestamp":1.7688833061309724e+09,"train_f1":0.6717808596085719,"val_acc":47.64890282131662,"val_loss":1.5279344754086601,"epoch":38,"_step":37,"train_loss":0.8892797032438613}