{"_step":54,"val_loss":1.893739202287462,"train_f1":0.7997773550647087,"best_val_loss":1.3526950779888365,"_runtime":4054,"patience_counter":15,"_timestamp":1.7692109156293318e+09,"epoch":55,"_wandb":{"runtime":4054},"val_acc":49.56461163357715,"train_loss":0.5452469251946155,"train_acc":80.06269865459137,"val_f1":0.5008353443233095}