{"_step":59,"train_f1":0.3038493294787559,"val_loss":1.6446946402390799,"_wandb":{"runtime":4604},"_runtime":4604,"train_loss":1.658438201070164,"train_acc":35.11995471763835,"epoch":60,"val_acc":35.2838732149077,"val_f1":0.31283047806519787,"best_val_loss":1.6446946402390799,"patience_counter":0,"_timestamp":1.7688736620780153e+09}