{"val_acc":45.75060954371299,"train_loss":0.759481024235736,"patience_counter":15,"_wandb":{"runtime":2856},"train_acc":73.05699481865285,"best_val_loss":1.374994789229499,"_timestamp":1.7692068218348475e+09,"val_loss":1.6196358001894422,"train_f1":0.728907065435663,"_step":38,"_runtime":2856,"val_f1":0.45905133271814524,"epoch":39}