{"val_acc":38.888888888888886,"best_val_loss":1.5413367625398555,"patience_counter":1,"val_loss":1.55334277504998,"_step":59,"train_acc":41.56398310619585,"_wandb":{"runtime":4500},"epoch":60,"val_f1":0.33771581284006724,"_runtime":4500,"train_f1":0.38519413837189664,"_timestamp":1.7694650743437586e+09,"train_loss":1.5252512789702348}