{"best_val_loss":1.3368493126498329,"epoch":43,"val_f1":0.47553229178908824,"_timestamp":1.7691882084866304e+09,"patience_counter":15,"train_acc":78.97853441894893,"_wandb":{"runtime":3169},"val_loss":1.7992370343870587,"_step":42,"train_loss":0.5953931478487748,"_runtime":3169,"train_f1":0.7889387701298252,"val_acc":47.596656217345874}