{"train_loss":0.7814149783099262,"train_f1":0.7160996138930288,"_wandb":{"runtime":3860},"_timestamp":1.7692511017239184e+09,"patience_counter":15,"val_loss":1.552171356479327,"_step":51,"train_acc":71.78995950711891,"epoch":52,"val_acc":48.55451062347614,"val_f1":0.486008724521384,"_runtime":3860,"best_val_loss":1.3592873477273517}