{"_timestamp":1.7688914977174911e+09,"val_f1":0.4877151581881978,"val_loss":1.740383297867245,"_step":18,"train_acc":76.44446379588105,"patience_counter":8,"epoch":19,"_wandb":{"runtime":1424},"train_loss":0.6447035086686232,"val_acc":49.0073145245559,"train_f1":0.7635605647335018,"_runtime":1424,"best_val_loss":1.3284843842188516}