{"val_acc":40.17763845350052,"val_loss":1.5436269038234913,"epoch":60,"train_acc":40.728001044977574,"best_val_loss":1.5436269038234913,"_step":59,"_runtime":4768,"patience_counter":0,"train_loss":1.5414413525035455,"_wandb":{"runtime":4768},"train_f1":0.37272687240500096,"val_f1":0.37952870936904254,"_timestamp":1.7688690551591818e+09}