{"val_loss":1.8476277128235543,"_wandb":{"runtime":1108},"patience_counter":8,"train_acc":73.16584664954064,"val_f1":0.4563435146629837,"val_acc":45.6287008011146,"best_val_loss":1.3104135779285164,"train_loss":0.7306010769420721,"_timestamp":1.7688889229369977e+09,"_step":13,"epoch":14,"_runtime":1108,"train_f1":0.730822881398626}