{"epoch":48,"_runtime":3524,"patience_counter":15,"_wandb":{"runtime":3524},"val_f1":0.4678356620799116,"best_val_loss":1.390573932727178,"train_f1":0.7135429457286263,"_step":47,"train_loss":0.7745789311058342,"val_loss":1.6495337340566847,"val_acc":47.352838732149074,"_timestamp":1.7691850011924639e+09,"train_acc":71.52000696651717}