{"train_f1":0.7873039090673876,"_wandb":{"runtime":4555},"patience_counter":15,"_timestamp":1.768937324750303e+09,"train_acc":78.82614185570601,"_step":42,"epoch":43,"val_loss":1.808193255133099,"_runtime":4555,"val_f1":0.44833277200597504,"best_val_loss":1.3752774546543758,"train_loss":0.6047902147916034,"val_acc":46.464646464646464}