{
  "experiment_name": "baseline_model",
  "model_kwargs": {
    "img_size": 48,
    "num_classes": 7,
    "num_conv_layers": 3,
    "filters_per_layer": [
      16,
      32,
      64
    ],
    "fc_units": 64
  },
  "num_params": 171271,
  "num_trainable_params": 171271,
  "num_epochs_trained": 60,
  "learning_rate": 0.01,
  "batch_size": 32,
  "train_losses": [
    1.8316412935017876,
    1.8126418119021446,
    1.808769483918267,
    1.7941589186118505,
    1.7734560169549374,
    1.7541375103767203,
    1.7253027686169553,
    1.6899663100335591,
    1.6562857282526977,
    1.6291592489710094,
    1.6032194608101273,
    1.5768312512998128,
    1.5518229326497877,
    1.5270646588051884,
    1.5026663716124957,
    1.4788328371008126,
    1.4587360063469177,
    1.4358860264249498,
    1.4129549422636005,
    1.3915315174126692,
    1.3708846132403296,
    1.3471219735557323,
    1.3243008962414724,
    1.3013232043194571,
    1.2772180225523733,
    1.254493419340394,
    1.2308317354794664,
    1.2056648665649978,
    1.1815182974245555,
    1.1584212890408498,
    1.1305664668176167,
    1.1047597658667392,
    1.0799959906296477,
    1.0527395399334039,
    1.0229519930224564,
    0.9946827352212996,
    0.9663453058944107,
    0.9370099136756324,
    0.9045128864664221,
    0.8701518877801124,
    0.8426707504436498,
    0.8082969254686971,
    0.778894550371967,
    0.7386186083877319,
    0.7061190372306988,
    0.6697766865528394,
    0.6346506051158839,
    0.6009995571252031,
    0.5715698072671226,
    0.530629769714762,
    0.5003637277980368,
    0.4642956214528894,
    0.43837363466952506,
    0.40271038127269254,
    0.3664770200225968,
    0.3448675839764826,
    0.31233075557375184,
    0.2949470170828044,
    0.25797852259492476,
    0.25325431301670986
  ],
  "val_losses": [
    1.8075510468747882,
    1.8046614176697202,
    1.7970912079016368,
    1.7751157032118903,
    1.7626603080166712,
    1.7341538502110376,
    1.7033599343564776,
    1.6680585953924392,
    1.6322603232330746,
    1.612658789422777,
    1.5855821364455753,
    1.5649605532487234,
    1.5545108510388268,
    1.5397764444351196,
    1.5370577103561824,
    1.4997577309608459,
    1.467672015560998,
    1.468335919910007,
    1.4337447537316217,
    1.4394704759120942,
    1.412623918718762,
    1.4298379288779364,
    1.4145999875333575,
    1.3986850394142998,
    1.3731213261683781,
    1.3709254844321146,
    1.3852159957091013,
    1.348070878121588,
    1.370673926340209,
    1.3423639608754052,
    1.3975494984123442,
    1.3605753133694332,
    1.3715914828909768,
    1.4597524616453383,
    1.3964822789033253,
    1.372749564051628,
    1.3902000026570427,
    1.5068393939071232,
    1.4117112282249662,
    1.4331015686194102,
    1.4497441258695392,
    1.4966994206110635,
    1.5049996505180994,
    1.631952557961146,
    1.5409033437569937,
    1.7001847717497083,
    1.9438302215602663,
    1.7731259332762823,
    1.781871947646141,
    1.8745075040393406,
    1.954912351899677,
    1.939389690425661,
    2.006505898303456,
    2.113078857792748,
    2.1982935276296405,
    2.4801502191358145,
    2.486661177211338,
    2.5648368888431126,
    2.641897494263119,
    2.782325451903873
  ],
  "train_accs": [
    23.93434057560848,
    25.14912700831628,
    25.14912700831628,
    25.29281142508817,
    26.42051639308573,
    28.205686419645577,
    30.374014890930464,
    32.77746331693299,
    34.92402142204032,
    36.49148778682457,
    38.037183785431274,
    38.92106065224017,
    39.84847825140419,
    41.063264684111985,
    41.85135193973963,
    42.87891322332042,
    43.55814864806026,
    44.529106979579396,
    45.58279270257326,
    46.466669569382155,
    47.48987677972743,
    48.49566769713066,
    49.362128270997516,
    50.69882875429965,
    51.88749074759438,
    52.54930987939217,
    53.41141638002351,
    54.21256585535769,
    55.67118038925415,
    56.63343057430226,
    57.795968128183915,
    58.75821831323203,
    59.703052205338096,
    61.17037488570558,
    62.16745765663779,
    63.06439674315322,
    64.70588235294117,
    65.55057256063047,
    67.02660338746898,
    68.0672268907563,
    69.44746810641355,
    70.38794792528411,
    71.52000696651717,
    73.5925458266208,
    74.35015456959987,
    75.9089127879131,
    77.21078068533113,
    78.60843819393043,
    79.44006618191318,
    80.76370444550878,
    82.13088344145949,
    83.48064614446815,
    84.40806374363217,
    85.54883093133627,
    87.1467758087691,
    88.11338006705273,
    89.18012800975312,
    89.73744938389864,
    91.42247572604171,
    91.1960639177951
  ],
  "val_accs": [
    25.0609543712992,
    25.0609543712992,
    25.0609543712992,
    25.043538836642284,
    26.280041797283175,
    28.857540926506445,
    32.096830372692445,
    32.46255660048764,
    36.85127133402995,
    37.07767328456983,
    38.1574364332985,
    39.04562870080112,
    39.341692789968654,
    39.481017067223966,
    40.03831417624521,
    40.665273423894114,
    42.911877394636015,
    42.72030651340996,
    44.18321142459074,
    43.921978404737025,
    45.31522117729014,
    44.479275513758274,
    44.705677464298155,
    45.76802507836991,
    46.90003483106931,
    46.0118425635667,
    46.725879484500176,
    48.136537791710204,
    47.05677464298154,
    48.41518634622083,
    48.29327760362243,
    48.92023685127133,
    49.02473005921282,
    46.029258098223615,
    47.71856495994427,
    50.052246603970744,
    50.0,
    45.28039010797632,
    49.79101358411703,
    49.54719609892024,
    49.616858237547895,
    50.191570881226056,
    50.731452455590386,
    48.5022640195054,
    50.714036920933474,
    49.390456287008014,
    46.708463949843264,
    48.72866597004528,
    49.21630094043887,
    48.6241727621038,
    48.34552420759317,
    48.711250435388365,
    50.64437478230582,
    48.362939742250084,
    50.278648554510625,
    46.41239986067572,
    47.52699407871822,
    48.41518634622083,
    49.407871821664926,
    48.171368861024035
  ],
  "train_f1s": [
    0.10952391744024471,
    0.10107598900604309,
    0.10107598900604309,
    0.10901364949628696,
    0.16517515457039517,
    0.21422288876120255,
    0.24887073922408506,
    0.2797848520474047,
    0.3024247370588945,
    0.3220869724962992,
    0.3414096295928351,
    0.3529577731849217,
    0.36431831157509004,
    0.3797004942259058,
    0.3910808935698907,
    0.4038379591342262,
    0.4114567800225658,
    0.42435126553092617,
    0.435542165636471,
    0.4462668772701946,
    0.4582240411721614,
    0.4684599807996684,
    0.47890052465821914,
    0.49308161243691917,
    0.5059396946402642,
    0.5128046227693414,
    0.5227764870882128,
    0.5306797568793592,
    0.5475401087552453,
    0.5574583148211222,
    0.5696153135479634,
    0.5797350401950995,
    0.5899060221988974,
    0.6055023777463444,
    0.6163044587788882,
    0.6255089195643815,
    0.6426213242895918,
    0.6517584367749596,
    0.6665508299985924,
    0.6774311928943536,
    0.6917321328748145,
    0.7014243608856693,
    0.7132602056024098,
    0.734219240798494,
    0.7421002440357829,
    0.7578924783555235,
    0.7709315117906687,
    0.7852532568518412,
    0.7937086306800288,
    0.8068611900555018,
    0.8208815888282988,
    0.8343601397683728,
    0.843753744372886,
    0.8552592232735727,
    0.8711428724924319,
    0.8810528663048421,
    0.8916362631145279,
    0.897258008192641,
    0.9141559600999772,
    0.9118667245771086
  ],