{
  "experiment_name": "baseline_model",
  "model_kwargs": {
    "img_size": 48,
    "num_classes": 7,
    "num_conv_layers": 3,
    "filters_per_layer": [
      16,
      32,
      64
    ],
    "fc_units": 64
  },
  "num_params": 171271,
  "num_trainable_params": 171271,
  "num_epochs_trained": 51,
  "learning_rate": 0.01,
  "batch_size": 32,
  "train_losses": [
    1.8350945176520388,
    1.8105020367003417,
    1.7972498931260494,
    1.7779317463340865,
    1.7621857152011733,
    1.7336511190223163,
    1.6970825877694367,
    1.667051450123694,
    1.6367382021999626,
    1.6173681205029606,
    1.5949129098637191,
    1.5730222574847654,
    1.551657554997043,
    1.5298263008880084,
    1.509664281829154,
    1.4887662730841251,
    1.4700505916122606,
    1.451251792874509,
    1.4327813281488286,
    1.414267413546448,
    1.3965927138301988,
    1.378523268739493,
    1.3591509085345732,
    1.3410543219126698,
    1.3222764606761401,
    1.2992019009125266,
    1.2791597900450395,
    1.2547400615341484,
    1.233791485304288,
    1.2134721722443456,
    1.1903824322236947,
    1.1625240705803577,
    1.139151944672497,
    1.1160109709730388,
    1.091441100437329,
    1.0633789634638178,
    1.0380583392212317,
    1.0125400403249896,
    0.9819616994983971,
    0.9501944184303284,
    0.9244533519060831,
    0.8940032975836385,
    0.8636525586288951,
    0.8314403367324792,
    0.8013462443786743,
    0.7677825986093797,
    0.7399562653309788,
    0.7059308255200266,
    0.67329241038614,
    0.6418140708445507,
    0.6063741820353319
  ],
  "val_losses": [
    1.8088229199250538,
    1.799337770541509,
    1.7805003060234919,
    1.7668436566988628,
    1.7468235062228308,
    1.7176384588082632,
    1.6711117035812801,
    1.64006128443612,
    1.6240441368685827,
    1.6003148588869307,
    1.6063058429294161,
    1.5568455729219648,
    1.5424126300546859,
    1.5484313944975534,
    1.5185681449042425,
    1.4912037346098157,
    1.4796574771404267,
    1.47578573624293,
    1.50714247557852,
    1.4529299332035912,
    1.4239173452059428,
    1.4480973925855425,
    1.432256464825736,
    1.4413011663489872,
    1.4343382702933418,
    1.4158631069792642,
    1.405916550093227,
    1.3867821372217601,
    1.4292268253035016,
    1.4296652184592353,
    1.3704322387774786,
    1.3703097462654115,
    1.391273108124733,
    1.3879457357856961,
    1.3908198297023773,
    1.397963943746355,
    1.4269859741131465,
    1.4220873213476606,
    1.47368839416239,
    1.4321489989757539,
    1.4901851485172908,
    1.4387884282403522,
    1.5524230235152774,
    1.7391426596376631,
    1.5602629194657007,
    1.6522530754407247,
    1.5661174436410268,
    1.6703023867474662,
    1.823146120707194,
    1.7861255066262351,
    1.8188817997773488
  ],
  "train_accs": [
    24.178168676797142,
    25.14912700831628,
    25.318935864501242,
    26.002525362476597,
    27.20424957547786,
    29.538032829712197,
    32.2288500892585,
    33.96612531022772,
    36.138807854748116,
    37.17507728479993,
    38.43340444986285,
    39.43484129403056,
    40.488527017024424,
    41.33321722471372,
    41.89489267209474,
    42.52623329124396,
    43.57991901423782,
    44.32881961074585,
    44.74681064135499,
    45.69164453346105,
    46.48843993555972,
    47.176383506770584,
    47.799015979448775,
    48.82222318979405,
    49.81495188749075,
    50.964427221665865,
    51.351939739626424,
    52.68428614969304,
    53.55074672355989,
    54.45639395654635,
    55.36639526276832,
    56.607306134889186,
    57.47812078199156,
    58.4534331867462,
    59.42874559150085,
    60.56951277920495,
    61.67980145426046,
    62.816214568729045,
    63.88731658466495,
    64.98018896677843,
    66.10789393477599,
    67.35315888013237,
    68.35459572430008,
    69.78708581878347,
    71.084599642966,
    72.03378760830758,
    73.21374145513127,
    74.77249967344451,
    75.73910393172814,
    77.0888666347368,
    78.10771977184656
  ],
  "val_accs": [
    25.0609543712992,
    25.0609543712992,
    25.653082549634274,
    26.47161267850923,
    27.56879136189481,
    29.153605015673982,
    33.80355276907001,
    36.50296064089167,
    37.30407523510972,
    38.99338209683037,
    36.31138975966562,
    39.37652385928248,
    40.50853361198189,
    40.543364681295714,
    40.73493556252177,
    42.685475444096134,
    43.364681295715776,
    43.50400557297109,
    41.30964820619993,
    42.85963079066527,
    45.10623476140717,
    43.53883664228492,
    44.56635318704284,
    44.56635318704284,
    44.61859979101359,
    45.489376523859285,
    46.36015325670498,
    46.77812608847091,
    46.44723092998955,
    44.56635318704284,
    47.07419017763846,
    48.03204458376872,
    47.352838732149074,
    47.85788923719958,
    47.40508533611982,
    47.96238244514107,
    46.67363288052943,
    48.171368861024035,
    46.95228143504006,
    47.52699407871822,
    47.43991640543365,
    48.86799024730059,
    47.24834552420759,
    42.7725531173807,
    47.944966910484155,
    45.942180424939046,
    48.53709508881923,
    47.0045280390108,
    43.573667711598745,
    47.96238244514107,
    46.464646464646464
  ],
  "train_f1s": [
    0.11402277924298433,
    0.10107598900604309,
    0.10933869452060538,
    0.15141240300021622,
    0.18277057804681515,
    0.23107216803676073,
    0.2694168866486123,
    0.2886968107994604,
    0.31478475295751057,
    0.3269635975778178,
    0.343531113234277,
    0.35458499241438474,
    0.3695164920844876,
    0.38071469830938004,
    0.3895694932638162,
    0.39802914645046233,
    0.41143124291793554,
    0.419913781105962,
    0.42581437161664965,
    0.4357507576700283,
    0.44535260579853214,
    0.45434597243906866,
    0.460459140167781,
    0.47297215713265134,
    0.48292076994188765,
    0.4960292913031009,
    0.5001650257811129,
    0.5154841979967213,
    0.524379444913584,
    0.5341604171640404,
    0.5447911851670506,
    0.5575112597833365,
    0.5666324087471093,
    0.5771994909709198,
    0.5878840940425707,
    0.599937820225268,
    0.611599967681487,
    0.6234598493502496,
    0.6345616163069621,
    0.6458050518485756,
    0.657756924025493,
    0.6707563950024464,
    0.6812659009016462,
    0.6954879734637623,
    0.7088850140324912,
    0.7186250559410289,
    0.7304666110999601,
    0.7462558338146236,
    0.7561808612263796,
    0.7698792854073813,
    0.7802848140119953
  ],
  "val_f1s": [
    0.10043925174850173,
    0.10043925174850173,
    0.13141910634389556,
    0.18212107559334886,
    0.18838440968733983,
    0.19432593746243787,
    0.2755473661559787,
    0.3343630360332103,
    0.3349661201514841,
    0.3402376694280277,
    0.3439402230833984,
    0.35948136956181675,
    0.355840349910956,
    0.3919117036598019,
    0.3807092892576931,
    0.3939446756074133,
    0.3938042774638104,
    0.4146667847804205,
    0.3661101773411809,
    0.4168210273986586,
    0.42578275433108687,
    0.3990244502767902,
    0.43977646140516985,
    0.40739973593867845,
    0.40542421767220244,
    0.4181570455365369,
    0.43574489820963325,
    0.44045005037369417,
    0.4315030408177988,
    0.4487589163267527,
    0.46091177034390984,
    0.47462908178925095,
    0.44751713183089825,
    0.4551003373951877,
    0.45853745050254086,
    0.4655050354546427,
    0.46719958499519154,
    0.45479229444693614,
    0.45721483476835545,
    0.4786235666465846,
    0.4623560144268261,
    0.48202702530265146,
    0.447370545384641,
    0.4359341341374417,
    0.4754110464900038,
    0.4591340390289853,
    0.4851340595487486,
    0.474268648563925,
    0.44511446001082783,
    0.48492380094880905,
    0.46648559470114365
  ],
  "final_train_acc": 78.10771977184656,
  "final_val_acc": 46.464646464646464,
  "final_train_loss": 0.6063741820353319,
  "final_val_loss": 1.8188817997773488,
  "final_train_f1": 0.7802848140119953,
  "final_val_f1": 0.46648559470114365,
  "best_epoch": 42,