{
  "best_hyperparameters": {
    "learning_rate": 0.1,
    "batch_size": 64
  },
  "cv_results": {
    "train_accuracies": {
      "mean": 99.1204800120816,
      "std": 0.7004046840915599,
      "values": [
        98.25837070579527,
        98.2670788522663,
        99.69956894674968,
        99.69956894674968,
        99.67781260884709
      ]
    },
    "val_accuracies": {
      "mean": 50.93173383432801,
      "std": 0.6232680528451439,
      "values": [
        50.36572622779519,
        51.13200975269941,
        51.30616509926855,
        51.77638453500523,
        50.07838355687163
      ]
    },
    "train_losses": {
      "mean": 0.030896580240103576,
      "std": 0.020915423338081007,
      "values": [
        0.05622184539779963,
        0.05667616814893118,
        0.011351334435419727,
        0.014311351202073906,
        0.015922202016293425
      ]
    },
    "val_losses": {
      "mean": 5.210277808507284,
      "std": 0.30964005224586666,
      "values": [
        5.368954769770304,
        5.441670472092099,
        4.601983025338915,
        5.2609514713287355,
        5.377829304006364
      ]
    },
    "train_f1s": {
      "mean": 0.9912047212759095,
      "std": 0.007004375113284643,
      "values": [
        0.9825829570245423,
        0.9826705810882954,
        0.9969958231631993,
        0.9969961099399242,
        0.9967781351635868
      ]
    },
    "val_f1s": {
      "mean": 0.5095927477599165,
      "std": 0.0061417673500069585,
      "values": [
        0.505851850530484,
        0.5116438191735152,
        0.5130011711718504,
        0.5176022478061159,
        0.499864650117617
      ]
    }
  },
  "num_epochs": 60,
  "note": "Early Stopping wurde deaktiviert f\u00fcr konsistente Epochenanzahl"
}