{
  "best_hyperparameters": {
    "learning_rate": 0.1,
    "batch_size": 32
  },
  "cv_results": {
    "train_accuracies": {
      "mean": 90.63621536887152,
      "std": 0.6960798400611887,
      "values": [
        90.63438847041407,
        89.89855009361257,
        91.9319022945966,
        90.50812034658423,
        90.20811563915012
      ]
    },
    "val_accuracies": {
      "mean": 47.44505036308099,
      "std": 0.6755766884575761,
      "values": [
        47.039359108324625,
        48.136537791710204,
        46.42981539533264,
        48.22361546499477,
        47.39592405504268
      ]
    },
    "train_losses": {
      "mean": 0.3412689039581922,
      "std": 0.028512991742950657,
      "values": [
        0.3396688502510195,
        0.370074438024896,
        0.2876091268968128,
        0.3557898731356484,
        0.3532022314825845
      ]
    },
    "val_losses": {
      "mean": 5.002573047611448,
      "std": 0.18224359183831293,
      "values": [
        4.8788487881422045,
        5.0845243593057,
        5.325084543890423,
        4.844608427087466,
        4.879799119631449
      ]
    },
    "train_f1s": {
      "mean": 0.9063594351726643,
      "std": 0.006960392075836434,
      "values": [
        0.90631869085144,
        0.898983680541975,
        0.9193215279005771,
        0.9050764737997087,
        0.9020968027696203
      ]
    },
    "val_f1s": {
      "mean": 0.4741924475676109,
      "std": 0.008831268974488628,
      "values": [
        0.4666273511929773,
        0.48547666683121266,
        0.46397448497645627,
        0.48376120491169733,
        0.4711225299257109
      ]
    }
  },
  "num_epochs": 60,
  "note": "Early Stopping wurde deaktiviert f\u00fcr konsistente Epochenanzahl"
}