{
  "best_hyperparameters": {
    "learning_rate": 0.1,
    "batch_size": 64
  },
  "cv_results": {
    "train_accuracies": {
      "mean": 85.249404075088,
      "std": 2.4680344559565675,
      "values": [
        84.65189184482082,
        85.8928027169417,
        89.33252057299603,
        81.68676797143728,
        84.68303726924417
      ]
    },
    "val_accuracies": {
      "mean": 48.67109186878061,
      "std": 1.6247733256545904,
      "values": [
        46.39498432601881,
        50.29606408916754,
        49.529780564263326,
        50.08707767328457,
        47.04755269116879
      ]
    },
    "train_losses": {
      "mean": 0.4099761664867401,
      "std": 0.0679140687434338,
      "values": [
        0.42863804380043635,
        0.3891850745611536,
        0.29962943390551383,
        0.5096839443056697,
        0.42274433586092713
      ]
    },
    "val_losses": {
      "mean": 2.247331381969982,
      "std": 0.13819126090164097,
      "values": [
        2.460760912630293,
        2.3052187674575384,
        2.245656328731113,
        2.041009275449647,
        2.1840116255813173
      ]
    }
  }
}