{"_step":50,"_runtime":3777,"best_val_loss":1.3704322387774786,"val_loss":1.8188817997773488,"val_f1":0.46648559470114365,"patience_counter":20,"_wandb":{"runtime":3777},"epoch":51,"_timestamp":1.7691710864110837e+09,"train_loss":0.6063741820353319,"val_acc":46.464646464646464,"train_acc":78.10771977184656,"train_f1":0.7802848140119953}