{"val_f1":0.30039052943549494,"val_loss":1.6688673900233375,"train_f1":0.29334833328833343,"_timestamp":1.7694694424658618e+09,"train_acc":34.105455653764096,"val_acc":34.06478578892372,"best_val_loss":1.6688673900233375,"epoch":60,"_step":59,"patience_counter":0,"_wandb":{"runtime":4366},"_runtime":4366,"train_loss":1.672484866921948}