{"val_acc":49.947753396029256,"_step":27,"train_loss":0.7387988715948832,"val_f1":0.4929823255792145,"_timestamp":1.7688803935093474e+09,"train_f1":0.7288769243974749,"epoch":28,"val_loss":1.5502558587155302,"patience_counter":8,"train_acc":73.07005703835938,"_wandb":{"runtime":2224},"_runtime":2224,"best_val_loss":1.3442163454124854}