{"train_f1":0.8181795328545272,"_step":40,"train_loss":0.5127542447246881,"val_acc":50.731452455590386,"_wandb":{"runtime":3020},"patience_counter":15,"val_loss":1.7584552019834518,"_runtime":3020,"_timestamp":1.769257493660467e+09,"epoch":41,"val_f1":0.4983191794481328,"train_acc":81.89140941350634,"best_val_loss":1.297528256310357}