{"_step":49,"_runtime":1226,"train_acc":39.80493751904907,"_wandb":{"runtime":1226},"epoch":50,"val_loss":1.5680616038091335,"best_val_loss":1.5680616038091335,"patience_counter":0,"train_loss":1.5682978541240054,"_timestamp":1.76062935980029e+09,"val_acc":39.16753744339951}