{"val_loss":1.878833763466941,"val_acc":48.72866597004528,"_wandb":{"runtime":3888},"train_f1":0.8096316156568157,"_timestamp":1.7691621642499082e+09,"_runtime":3888,"best_val_loss":1.3758005029625362,"train_acc":81.01188661993295,"patience_counter":20,"epoch":53,"train_loss":0.5339469782447749,"val_f1":0.48952682640943707,"_step":52}