{"patience_counter":8,"val_f1":0.49533501076024045,"epoch":15,"train_f1":0.7846987039827064,"_step":14,"train_acc":78.54748116863325,"best_val_loss":1.326875044239892,"_runtime":1092,"_timestamp":1.7694849552140043e+09,"val_loss":1.9284529010454814,"val_acc":49.181469871125046,"_wandb":{"runtime":1092},"train_loss":0.5892065945483516}