{"_timestamp":1.7691915305510151e+09,"train_acc":89.11481691122044,"patience_counter":15,"_step":43,"val_loss":1.9981758127609888,"val_acc":51.68930686172065,"_runtime":3283,"_wandb":{"runtime":3283},"train_f1":0.8909462313238264,"train_loss":0.32224378952740956,"val_f1":0.5181269618325505,"epoch":44,"best_val_loss":1.2849394102891287}